{
  "frames": {
    "button-mute": {
      "frame": { "x": 8, "y": 8, "w": 64, "h": 64 },
      "rotated": false,
      "trimmed": false,
      "spriteSourceSize": { "x": 0, "y": 0, "w": 64, "h": 64 },
      "sourceSize": { "w": 64, "h": 64 }
    },
    "button-audio": {
      "frame": { "x": 88, "y": 8, "w": 64, "h": 64 },
      "rotated": false,
      "trimmed": false,
      "spriteSourceSize": { "x": 0, "y": 0, "w": 64, "h": 64 },
      "sourceSize": { "w": 64, "h": 64 }
    },
    "button-back": {
      "frame": { "x": 168, "y": 8, "w": 64, "h": 64 },
      "rotated": false,
      "trimmed": false,
      "spriteSourceSize": { "x": 0, "y": 0, "w": 64, "h": 64 },
      "sourceSize": { "w": 64, "h": 64 }
    },
    "button-play": {
      "frame": { "x": 8, "y": 88, "w": 64, "h": 64 },
      "rotated": false,
      "trimmed": false,
      "spriteSourceSize": { "x": 0, "y": 0, "w": 64, "h": 64 },
      "sourceSize": { "w": 64, "h": 64 }
    },
    "button-pause": {
      "frame": { "x": 88, "y": 88, "w": 64, "h": 64 },
      "rotated": false,
      "trimmed": false,
      "spriteSourceSize": { "x": 0, "y": 0, "w": 64, "h": 64 },
      "sourceSize": { "w": 64, "h": 64 }
    },
    "button-menu": {
      "frame": { "x": 168, "y": 88, "w": 64, "h": 64 },
      "rotated": false,
      "trimmed": false,
      "spriteSourceSize": { "x": 0, "y": 0, "w": 64, "h": 64 },
      "sourceSize": { "w": 64, "h": 64 }
    },
    "button-start": {
      "frame": { "x": 56, "y": 168, "w": 128, "h": 128 },
      "rotated": false,
      "trimmed": false,
      "spriteSourceSize": { "x": 0, "y": 0, "w": 128, "h": 128 },
      "sourceSize": { "w": 128, "h": 128 }
    }
  }
}
