{
  "frames": {
    "button-lvl-1": {
      "frame": { "x": 8, "y": 8, "w": 80, "h": 80 },
      "rotated": false,
      "trimmed": false,
      "spriteSourceSize": { "x": 0, "y": 0, "w": 80, "h": 80 },
      "sourceSize": { "w": 80, "h": 80 }
    },
    "button-lvl-2": {
      "frame": { "x": 104, "y": 8, "w": 80, "h": 80 },
      "rotated": false,
      "trimmed": false,
      "spriteSourceSize": { "x": 0, "y": 0, "w": 80, "h": 80 },
      "sourceSize": { "w": 80, "h": 80 }
    },
    "button-lvl-3": {
      "frame": { "x": 200, "y": 8, "w": 80, "h": 80 },
      "rotated": false,
      "trimmed": false,
      "spriteSourceSize": { "x": 0, "y": 0, "w": 80, "h": 80 },
      "sourceSize": { "w": 80, "h": 80 }
    },
    "button-lvl-4": {
      "frame": { "x": 8, "y": 104, "w": 80, "h": 80 },
      "rotated": false,
      "trimmed": false,
      "spriteSourceSize": { "x": 0, "y": 0, "w": 80, "h": 80 },
      "sourceSize": { "w": 80, "h": 80 }
    },
    "button-lvl-5": {
      "frame": { "x": 104, "y": 104, "w": 80, "h": 80 },
      "rotated": false,
      "trimmed": false,
      "spriteSourceSize": { "x": 0, "y": 0, "w": 80, "h": 80 },
      "sourceSize": { "w": 80, "h": 80 }
    },
    "button-lvl-no": {
      "frame": { "x": 200, "y": 104, "w": 80, "h": 80 },
      "rotated": false,
      "trimmed": false,
      "spriteSourceSize": { "x": 0, "y": 0, "w": 80, "h": 80 },
      "sourceSize": { "w": 80, "h": 80 }
    },
    "label": {
      "frame": { "x": 26, "y": 198, "w": 243, "h": 133 },
      "rotated": false,
      "trimmed": false,
      "spriteSourceSize": { "x": 0, "y": 0, "w": 243, "h": 133 },
      "sourceSize": { "w": 243, "h": 133 }
    }
  }
}
